CustomerID,Recency,Frequency,Monetary,Future_Spend
12347.0,54,3,1823.43,2486.57
12348.0,56,3,1487.24,310.0
12352.0,70,5,1561.81,944.23
12356.0,53,2,2753.08,58.349999999999994
12359.0,113,2,2386.41,3986.17
12360.0,8,1,1083.58,1578.48
12362.0,33,2,974.34,4251.89
12363.0,50,1,299.1,252.9
12370.0,82,3,2806.41,739.28
12372.0,20,2,914.9200000000001,383.12
12383.0,46,4,1751.11,99.45
12388.0,83,3,766.25,2014.41
12393.0,53,3,1061.1000000000001,521.5
12394.0,25,1,381.08,891.4000000000001
12395.0,19,6,1569.72,1448.91
12399.0,21,2,768.9499999999999,339.7
12407.0,43,2,495.96,1212.16
12408.0,68,2,837.59,2050.96
12413.0,44,2,563.9,194.20000000000002
12415.0,11,7,50883.9,74030.63
12417.0,33,4,1461.08,2188.02
12421.0,127,1,157.45,649.59
12422.0,132,1,238.5,565.0600000000001
12423.0,8,5,1366.77,492.54
12427.0,179,1,303.5,522.3
12428.0,50,6,6310.54,1645.92
12429.0,35,2,1719.48,2030.92
12431.0,8,7,3158.53,3328.92
12433.0,174,2,3787.12,9588.75
12434.0,68,1,286.25,519.89
12435.0,76,1,3978.9900000000002,3850.9000000000005
12437.0,6,8,1975.09,2976.32
12451.0,26,2,5307.82,3727.7
12455.0,103,2,1698.9,767.96
12456.0,62,1,940.1700000000001,2240.87
12457.0,41,3,1067.25,1295.98
12458.0,92,1,441.92,505.48
12462.0,111,1,762.11,427.48
12463.0,14,2,647.95,696.83
12464.0,8,4,544.85,667.2
12468.0,124,1,220.59,508.95000000000005
12471.0,19,13,8397.32,11426.73
12472.0,75,3,3048.84,3523.27
12474.0,8,8,2719.13,4656.66
12476.0,26,5,2445.1,4371.32
12477.0,47,2,4576.97,8642.77
12480.0,75,2,1587.27,1694.36
12481.0,12,7,3100.55,2495.77
12483.0,13,4,994.6600000000001,1490.3200000000002
12484.0,144,1,1138.67,3403.05
12490.0,22,2,1195.72,4222.21
12493.0,5,1,232.5,201.24
12494.0,4,4,715.64,530.46
12500.0,74,4,1210.2,3047.62
12502.0,26,3,1842.65,1881.22
12507.0,106,1,446.16,858.65
12510.0,133,1,681.05,301.52
12520.0,12,3,1697.56,936.7
12523.0,60,4,500.19,1289.58
12524.0,12,5,2833.38,1652.3400000000001
12527.0,102,2,284.92,63.79
12528.0,84,2,771.66,1161.82
12530.0,41,2,805.0,857.28
12539.0,70,3,4517.69,1050.66
12540.0,0,6,6144.53,7255.71
12541.0,88,1,312.4,668.78
12545.0,67,1,628.15,372.24
12553.0,12,5,1734.6200000000001,1957.66
12557.0,64,3,4854.62,7136.34
12562.0,6,1,444.96000000000004,3336.78
12567.0,9,4,3884.32,5516.96
12569.0,26,5,1164.32,2960.37
12576.0,26,2,421.65000000000003,894.1800000000001
12577.0,167,1,195.89,461.91
12578.0,138,1,1608.66,1185.85
12583.0,8,5,3042.39,4238.99
12584.0,88,1,463.63,1874.52
12592.0,21,1,231.8,205.8
12593.0,26,1,236.0,182.1
12594.0,0,6,1764.99,1573.23
12596.0,50,1,269.95,348.32
12597.0,76,1,516.15,3295.07
12598.0,28,3,1285.74,1737.34
12599.0,16,3,463.86,568.72
12600.0,12,6,1315.96,1283.08
12601.0,12,4,508.96000000000004,68.1
12604.0,69,1,178.5,75.67999999999999
12609.0,126,1,287.93,838.9200000000001
12613.0,5,4,1462.52,1881.8600000000001
12616.0,105,1,255.60000000000002,457.7
12619.0,42,2,631.66,3009.58
12620.0,12,1,561.66,777.75
12621.0,8,10,7355.82,6333.85
12626.0,124,2,1274.1000000000001,5346.38
12633.0,4,2,1729.55,434.43
12637.0,47,4,2391.75,3630.15
12643.0,28,3,1411.92,1932.72
12645.0,27,2,798.9,976.28
12647.0,7,7,2302.31,1420.51
12649.0,20,1,375.0,248.51000000000002
12653.0,104,1,779.1,1430.75
12654.0,5,3,337.75,264.23
12656.0,11,2,1659.6,2391.57
12662.0,47,4,1344.4,2505.38
12664.0,40,2,1303.58,3578.3
12668.0,67,3,2924.4700000000003,882.6800000000001
12669.0,56,2,2272.6,471.43
12670.0,7,2,1026.39,1969.66
12673.0,134,1,220.9,389.62
12674.0,15,1,586.74,1383.8600000000001
12676.0,68,2,707.4,623.99
12678.0,57,5,3951.84,13676.619999999999
12679.0,13,2,906.38,206.64000000000001
12681.0,6,12,8044.93,5742.61
12682.0,0,11,5277.29,7010.93
12683.0,19,9,4417.57,4059.0
12684.0,5,3,917.1,1366.53
12691.0,126,3,406.2,629.5999999999999
12693.0,19,3,630.77,225.14
12695.0,18,1,89.25,492.85
12700.0,23,1,1092.43,3847.56
12701.0,50,1,337.08000000000004,460.63
12705.0,9,3,3164.1,3704.19
12708.0,8,5,1338.17,1374.74
12709.0,25,7,3927.87,5808.65
12710.0,9,1,718.96,430.06
12712.0,8,8,2267.48,2128.65
12714.0,14,2,1761.92,2946.94
12717.0,53,1,609.74,421.24
12720.0,0,10,2341.77,3439.96
12721.0,54,3,1107.82,1548.31
12724.0,140,1,154.9,876.51
12726.0,22,4,1111.28,1497.82
12727.0,89,4,2007.32,1973.38
12728.0,65,3,617.31,219.02
12731.0,20,6,8230.09,10665.82
12744.0,56,4,10262.65,11016.64
12747.0,6,6,2091.4,2104.61
12748.0,0,86,9550.78,24168.95
12749.0,21,1,859.1,3231.78
12753.0,56,4,12940.51,8488.88
12757.0,8,5,4202.2300000000005,3654.87
12758.0,84,1,1570.19,1221.4
12759.0,84,1,444.8,1086.64
12763.0,177,1,320.08,174.0
12766.0,48,4,4015.71,2973.92
12775.0,11,3,744.88,641.16
12778.0,67,3,408.06,414.17
12779.0,6,6,2974.41,1006.95
12781.0,92,1,549.26,277.48
12782.0,61,3,1562.95,767.97
12787.0,0,1,158.1,305.56
12808.0,176,1,129.4,354.25
12815.0,6,1,615.36,448.1
12820.0,134,1,170.46,771.88
12823.0,62,3,994.5,765.0
12826.0,124,3,697.1,777.62
12836.0,27,2,1661.4,951.46
12838.0,181,1,390.79,292.34000000000003
12839.0,6,4,1395.89,4195.53
12840.0,22,2,1577.97,1148.8
12841.0,30,12,1961.26,2061.09
12842.0,116,1,310.73,808.26
12843.0,21,3,627.0600000000001,1075.2
12849.0,76,1,704.5,346.39
12853.0,47,3,885.0,1072.1
12854.0,49,2,810.37,514.13
12867.0,22,4,1738.54,2298.28
12868.0,26,5,1359.0,248.06
12871.0,15,1,132.0,248.64
12875.0,170,1,293.76000000000005,49.470000000000006
12876.0,4,1,726.43,1491.5900000000001
12877.0,8,7,682.0400000000001,853.73
12886.0,27,1,775.0,603.4
12891.0,28,2,246.00000000000003,85.0
12901.0,8,11,7785.56,9868.98
12908.0,120,1,318.0,432.0
12909.0,9,3,1528.37,650.3000000000001
12910.0,5,3,1142.5,1932.54
12913.0,90,3,866.39,1617.24
12915.0,180,1,199.65,164.0
12916.0,9,3,2312.78,693.37
12921.0,20,13,5514.4400000000005,11072.65
12924.0,6,3,655.27,278.43
12928.0,49,2,780.04,1282.66
12931.0,11,7,3920.7000000000003,38135.26
12933.0,91,1,110.75,496.78000000000003
12935.0,11,2,866.23,1294.47
12937.0,5,2,428.23,1076.04
12939.0,81,3,7228.32,4353.48
12942.0,5,2,396.52000000000004,287.38
12944.0,162,1,286.95,317.56
12947.0,42,3,1035.27,568.72
12948.0,22,3,886.26,1178.69
12949.0,14,3,2250.7,1916.52
12951.0,12,4,624.88,439.19
12955.0,11,3,697.42,4059.7400000000002
12957.0,12,3,1128.77,2888.77
12963.0,173,1,365.8,1490.83
12970.0,130,2,23.8,428.44
12971.0,4,39,4638.22,6551.6900000000005
12980.0,18,6,4566.360000000001,2808.54
12987.0,5,1,304.3,254.4
12989.0,8,7,3327.94,3596.17
12990.0,118,1,97.5,312.0
12993.0,15,2,175.3,239.46
12994.0,76,1,352.6,621.82
12997.0,44,2,608.47,618.42
13000.0,67,2,458.53000000000003,76.32000000000001
13001.0,25,9,7343.85,2474.97
13003.0,23,1,59.050000000000004,90.0
13004.0,22,7,2448.02,3207.89
13005.0,54,1,321.65,192.05
13012.0,21,3,707.39,954.45
13013.0,20,4,2372.29,2438.65
13014.0,28,3,1328.03,2138.25
13015.0,5,4,1763.04,1583.24
13018.0,4,11,3673.96,3603.7400000000002
13021.0,23,3,765.0,1851.38
13026.0,28,2,243.72000000000003,731.64
13027.0,41,3,3840.0,3072.0
13029.0,161,1,382.5,865.0
13030.0,176,1,427.74,371.74
13034.0,177,1,165.86,476.91
13035.0,68,1,333.0,588.88
13037.0,27,2,577.32,303.75
13038.0,98,1,395.1,513.36
13046.0,74,1,197.72,431.59
13047.0,27,6,1671.68,1565.8600000000001
13048.0,46,2,939.92,895.99
13049.0,126,1,153.78000000000003,502.90000000000003
13050.0,12,9,2873.96,2962.9
13055.0,21,1,344.86,869.55
13064.0,135,1,203.3,916.19
13068.0,128,1,165.0,179.0
13069.0,6,13,2531.54,1904.58
13077.0,98,3,577.44,151.83
13078.0,8,10,4467.16,8160.78
13081.0,26,7,14463.51,13873.87
13082.0,43,5,1960.18,1653.45
13085.0,103,1,278.1,137.98
13089.0,7,51,27939.94,30885.89
13090.0,46,7,3111.6,5799.22
13092.0,19,4,439.75,38.08
13094.0,13,7,940.44,986.88
13097.0,41,5,3004.26,3006.16
13098.0,6,8,7203.61,21678.83
13102.0,6,15,3769.16,2654.93
13104.0,75,2,213.72,884.76
13107.0,141,1,566.84,964.78
13110.0,65,3,732.49,756.1800000000001
13113.0,0,16,8856.16,3389.8
13117.0,25,6,751.37,233.54000000000002
13118.0,16,3,799.7,398.11
13122.0,48,1,903.6700000000001,18.72
13124.0,60,2,2574.12,1292.21
13126.0,61,5,1077.42,1022.22
13134.0,42,2,525.7,1267.88
13136.0,20,1,574.46,2033.15
13137.0,60,2,863.84,2786.57
13138.0,48,2,386.85,575.54
13139.0,23,2,1170.02,3894.92
13140.0,174,1,159.51,264.21
13141.0,22,4,1401.03,987.72
13145.0,180,1,295.0,323.52
13148.0,40,6,1798.33,1908.79
13149.0,97,1,376.74,1299.32
13155.0,134,2,569.2,402.56
13157.0,49,2,497.94,1243.28
13158.0,126,1,256.40999999999997,944.6500000000001
13162.0,41,2,1301.69,386.6
13165.0,159,1,354.64,666.8399999999999
13168.0,7,3,972.66,346.53000000000003
13169.0,60,1,505.2,207.68
13171.0,107,1,140.35,328.06
13173.0,175,1,165.94,187.71
13174.0,124,2,2108.27,708.76
13178.0,11,5,2719.2000000000003,3006.27
13183.0,16,3,1527.0800000000002,2430.7000000000003
13184.0,35,4,746.31,954.98
13192.0,13,1,464.32,447.62
13196.0,70,1,512.13,1285.65
13198.0,57,3,2087.75,1313.49
13199.0,5,16,3740.16,6076.96
13203.0,50,1,165.71,703.75
13208.0,14,3,700.21,523.69
13209.0,35,3,2362.44,3529.17
13211.0,169,1,110.7,1086.72
13213.0,7,2,415.28000000000003,1105.3
13220.0,27,2,559.69,259.6
13225.0,4,4,3741.88,2721.96
13230.0,9,9,1799.48,1007.49
13232.0,4,3,691.9,665.7
13233.0,144,1,304.24,300.88
13238.0,168,1,91.15,609.58
13240.0,65,2,442.41,221.24
13242.0,21,2,104.0,166.4
13246.0,14,4,1648.52,338.78
13249.0,69,1,291.84,419.57
13253.0,147,1,476.48,553.92
13255.0,181,1,225.7,173.81
13258.0,13,1,224.62,473.96
13263.0,6,14,3290.75,4163.32
13265.0,53,2,1124.88,982.78
13266.0,11,5,1510.57,2323.69
13267.0,7,11,2210.14,2311.35
13268.0,6,5,1837.78,1376.91
13269.0,26,5,2048.23,3298.0
13280.0,124,2,699.36,115.5
13282.0,28,1,344.70000000000005,787.4399999999999
13285.0,34,2,1173.27,1535.85
13292.0,92,1,249.57,329.37
13294.0,57,1,483.65,390.09000000000003
13301.0,30,2,327.77,290.32
13305.0,53,4,640.25,1360.61
13308.0,11,1,814.95,570.5600000000001
13309.0,14,2,546.64,910.15
13310.0,14,2,817.65,314.38
13313.0,23,2,609.74,945.58
13316.0,62,1,1622.48,4355.25
13317.0,6,5,1313.98,959.7
13319.0,15,11,4527.84,6317.71
13320.0,21,2,508.61,1040.09
13324.0,11,7,3798.99,3322.96
13327.0,67,4,1421.95,2205.82
13329.0,174,1,304.2,484.79999999999995
13330.0,123,1,335.82,805.11
13334.0,113,1,1660.44,1876.38
13340.0,84,1,3678.0299999999997,7058.45
13344.0,85,1,1656.15,887.57
13362.0,54,2,1581.53,1509.21
13365.0,25,1,700.6,1524.77
13373.0,84,1,987.7,2324.55
13376.0,11,2,770.0,249.76
13381.0,15,2,1071.35,2567.96
13389.0,40,1,257.89,540.07
13394.0,22,3,935.33,1584.69
13396.0,127,1,387.27000000000004,973.72
13397.0,102,2,601.77,942.36
13402.0,180,1,308.28000000000003,312.95
13404.0,20,1,217.81,34.68
13405.0,12,2,557.45,15.001
13408.0,15,25,11107.11,17009.93
13410.0,71,2,404.64,598.4200000000001
13414.0,104,1,390.0,1000.5
13417.0,13,1,236.0,404.83
13418.0,12,9,3340.6,2786.83
13421.0,98,1,825.04,1026.04
13425.0,102,1,401.57,1222.64
13426.0,46,4,1285.02,2356.3
13427.0,23,1,214.5,368.1
13448.0,26,4,1423.26,2116.11
13450.0,12,2,678.54,1365.18
13451.0,19,3,1652.3799999999999,1323.77
13453.0,97,1,185.0,171.98
13455.0,174,1,692.94,365.4
13456.0,15,1,207.66,1559.0600000000002
13458.0,22,6,5629.62,4016.9500000000003
13468.0,9,21,3591.12,2113.85
13473.0,140,1,241.26,181.38
13475.0,25,3,1278.48,153.3
13476.0,89,1,727.6,510.87
13477.0,19,2,516.03,938.55
13481.0,0,2,978.99,825.57
13487.0,21,2,408.8,166.6
13488.0,4,6,5530.43,3437.88
13489.0,97,2,235.68,213.84
13491.0,55,8,1031.63,184.19
13492.0,22,1,315.3,954.54
13495.0,40,3,1072.43,972.44
13496.0,167,1,501.01,152.32
13499.0,33,2,463.79,695.3199999999999
13502.0,82,2,189.16000000000003,102.83999999999999
13505.0,0,2,1916.0900000000001,2477.54
13509.0,62,3,650.02,329.7
13515.0,55,1,203.4,687.72
13516.0,46,1,146.0,1243.41
13520.0,67,3,1479.3,2145.05
13523.0,7,3,2369.24,1595.64
13524.0,27,1,159.20000000000002,520.98
13525.0,56,1,282.88,345.9
13527.0,9,2,585.64,1701.8700000000001
13529.0,12,1,181.1,126.66000000000001
13533.0,75,2,146.64,124.14999999999999
13534.0,7,16,2648.8,3221.28
13538.0,83,2,504.3,776.55
13539.0,48,2,315.65,315.69
13544.0,48,1,122.91,168.5
13546.0,8,1,188.16,438.83
13548.0,51,1,281.01,401.4
13549.0,0,3,512.5500000000001,405.65000000000003
13552.0,13,5,1861.29,1878.78
13555.0,9,2,1590.05,2559.23
13557.0,88,1,240.68,343.38
13562.0,53,1,603.27,1196.06
13564.0,162,2,1198.38,550.64
13565.0,142,1,110.17999999999999,130.04
13569.0,175,1,118.32,255.43
13571.0,0,3,392.6,1699.72
13573.0,61,1,31.770000000000003,262.63
13576.0,27,7,2746.4,3970.94
13577.0,49,1,356.75,1330.8500000000001
13579.0,177,1,164.7,302.34000000000003
13588.0,63,1,113.30000000000001,2365.65
13590.0,7,3,912.03,1069.89
13591.0,12,2,776.23,340.9
13592.0,13,3,205.51,42.45
13593.0,71,3,1022.95,1014.13
13599.0,6,7,2005.66,3148.01
13601.0,19,1,373.2,320.12
13606.0,51,2,250.42,30.119999999999997
13610.0,51,2,349.72,782.16
13611.0,167,1,303.15000000000003,868.65
13614.0,138,1,205.75,1404.71
13623.0,18,4,551.92,195.86
13627.0,12,2,605.92,1032.55
13629.0,18,4,2888.0,4904.36
13630.0,53,2,730.9200000000001,1300.86
13631.0,9,4,1330.0,1740.42
13632.0,41,2,613.03,1508.24
13634.0,50,2,625.41,949.75
13636.0,60,3,541.45,407.67
13637.0,34,1,422.6,387.9
13647.0,42,1,424.64,1253.48
13650.0,15,2,745.5200000000001,1090.82
13652.0,64,2,638.24,456.84000000000003
13654.0,9,3,1172.84,1534.49
13655.0,49,1,383.65,549.32
13656.0,145,1,162.70000000000002,216.95
13657.0,9,1,152.34,229.8
13658.0,12,1,933.3,1705.87
13662.0,20,2,532.94,364.82
13666.0,95,2,64.05,20.6
13668.0,9,11,3758.07,2605.52
13675.0,92,1,308.44,178.38000000000002
13680.0,145,2,2391.59,1330.83
13692.0,21,2,871.58,616.74
13694.0,0,26,28199.35,36840.27
13695.0,21,4,285.48,2218.65
13700.0,48,5,943.66,1321.46
13705.0,181,1,318.14,393.72
13709.0,123,1,474.7,5853.35
13717.0,48,2,570.59,874.42
13719.0,13,2,338.74,702.9399999999999
13720.0,46,2,432.1,367.8
13722.0,90,1,1463.47,911.94
13725.0,33,6,1751.6,228.96
13728.0,6,3,493.93,522.21
13735.0,42,1,935.15,1950.09
13736.0,68,1,357.53,374.37
13741.0,25,1,162.96,505.47
13742.0,21,5,1642.48,1488.54
13743.0,25,2,353.16,988.4399999999999
13744.0,100,1,893.16,263.2
13748.0,40,3,580.85,367.4
13750.0,104,2,688.8,958.46
13752.0,16,3,724.67,461.61
13754.0,125,1,156.0,126.6
13756.0,13,4,1403.6100000000001,3785.9100000000003
13758.0,9,5,2351.52,839.03
13760.0,64,1,135.09,151.70000000000002
13764.0,145,1,499.89,1021.87
13767.0,11,22,7241.29,9979.070000000002
13769.0,15,5,1448.01,1348.5
13771.0,7,2,1464.8500000000001,1169.6
13772.0,47,1,228.42,903.71
13777.0,15,19,9916.65,16060.51
13782.0,42,2,361.3,550.7
13784.0,26,5,772.47,1690.32
13787.0,172,1,106.4,202.64
13792.0,95,1,74.60000000000001,120.95
13798.0,4,32,22292.52,14861.33
13799.0,102,1,341.7,347.15999999999997
13802.0,62,2,3131.06,1468.3600000000001
13804.0,97,1,723.63,1912.16
13811.0,43,2,481.5,333.0
13815.0,126,1,1012.01,3015.35
13817.0,159,1,128.7,254.28
13821.0,69,1,270.15,115.49
13824.0,11,3,1232.98,465.96
13831.0,8,3,1097.99,1105.0
13835.0,23,1,328.45,506.12
13838.0,177,1,238.11,453.62
13842.0,7,6,1828.47,1557.15
13846.0,50,2,663.9300000000001,201.13
13848.0,105,2,935.0,320.0
13851.0,96,1,246.32000000000002,2405.14
13854.0,4,16,5159.54,2949.98
13856.0,11,1,94.4,294.1
13862.0,40,3,852.31,1357.05
13865.0,97,1,123.30000000000001,378.26
13867.0,26,1,138.85,876.44
13869.0,70,3,1584.96,1519.99
13870.0,95,1,544.03,2226.91
13871.0,14,5,2395.73,4007.52
13873.0,26,2,230.4,159.20000000000002
13875.0,65,2,683.68,1103.11
13880.0,25,5,1026.63,2193.14
13881.0,21,4,3569.46,13590.06
13883.0,26,4,1742.78,931.7
13884.0,85,3,196.25,591.35
13885.0,8,1,399.15000000000003,107.65
13888.0,26,1,239.52,366.11
13890.0,166,1,190.35000000000002,1693.46
13892.0,54,1,54.519999999999996,578.45
13894.0,118,1,160.85,403.77
13899.0,82,1,298.5,90.02
13900.0,0,2,732.45,8.5
13901.0,64,2,648.3,2218.9
13904.0,102,1,201.12,131.52
13908.0,22,2,831.11,1538.44
13911.0,5,6,1703.91,877.0
13918.0,61,1,198.20000000000002,1014.6400000000001
13929.0,134,1,412.85,429.8
13931.0,88,1,378.21000000000004,859.32
13939.0,119,1,184.5,384.05
13941.0,105,2,2118.96,2994.0
13946.0,9,2,485.96999999999997,75.6
13950.0,54,1,179.31,565.75
13951.0,44,2,516.05,158.4
13953.0,18,3,1750.0,1765.68
13955.0,113,1,205.1,117.86
13956.0,51,2,293.67,732.75
13959.0,89,2,337.44,260.76
13962.0,53,1,117.6,51.95
13969.0,26,6,1507.08,7546.86
13971.0,22,3,974.52,1783.74
13972.0,9,1,145.9,44.349999999999994
13975.0,23,2,961.61,1564.67
13982.0,134,2,903.8,968.01
13983.0,40,6,1545.3700000000001,1058.06
13984.0,57,3,717.23,203.28
13985.0,23,2,640.8,6419.33
13988.0,8,2,1356.08,2791.88
13989.0,47,1,896.67,369.41
13993.0,13,4,1492.82,1973.54
13995.0,54,1,310.45,1083.24
13999.0,22,4,1246.82,2654.9900000000002
14001.0,40,2,1309.14,733.94
14004.0,96,1,900.02,3682.62
14005.0,23,1,187.16,2687.56
14006.0,49,2,662.09,300.1
14013.0,83,1,118.5,354.52
14016.0,15,3,3364.63,976.58
14021.0,19,2,501.7,130.2
14023.0,58,1,273.14,310.93
14030.0,51,5,1435.02,925.07
14031.0,4,11,7904.5599999999995,9382.3
14032.0,14,5,1535.57,1440.02
14035.0,75,2,700.58,727.44
14037.0,172,1,111.8,35.400000000000006
14038.0,15,1,716.32,844.0600000000001
14040.0,23,5,1449.38,2165.54
14044.0,117,1,173.74,479.08
14045.0,145,3,1251.75,408.0
14047.0,7,3,635.92,672.69
14049.0,8,2,3058.46,2623.26
14051.0,21,11,5833.4800000000005,9776.91
14056.0,5,10,3301.98,4912.67
14057.0,7,8,2676.5299999999997,3541.43
14060.0,13,10,2957.1,3183.32
14062.0,47,6,4834.63,5630.22
14064.0,19,3,842.16,511.58
14071.0,68,2,356.81,1082.01
14075.0,69,1,307.92,634.34
14077.0,33,2,199.61,299.81
14078.0,21,4,583.98,465.39
14083.0,7,5,489.47,528.96
14085.0,6,10,2812.41,1636.13
14088.0,130,1,7544.91,42946.9
14092.0,4,6,1797.47,2279.44
14099.0,26,5,1321.46,1782.71
14101.0,5,4,4159.39,1817.4
14107.0,28,4,1475.08,1228.15
14110.0,28,2,1701.52,3981.63
14111.0,49,1,94.2,598.65
14112.0,11,3,1152.5,1762.65
14113.0,162,1,433.5,1406.92
14127.0,64,2,452.23,257.48
14128.0,63,1,305.54,331.96
14129.0,68,1,358.90000000000003,764.96
14133.0,123,1,318.0,287.64
14135.0,28,8,2121.26,2569.05
14145.0,25,1,1128.6,2613.6
14146.0,62,2,1903.73,2287.27
14147.0,93,1,182.8,300.6
14150.0,167,1,306.18,352.46
14152.0,42,1,314.51,306.78000000000003
14156.0,16,18,43907.23,73472.4
14157.0,93,1,277.17,155.71
14159.0,64,2,652.09,4040.92
14162.0,100,1,177.68,111.68
14163.0,7,2,749.79,1696.12
14167.0,71,2,259.0,315.84
14173.0,27,1,114.04,336.8
14175.0,137,1,322.58,2899.7200000000003
14180.0,13,15,3284.47,1464.05
14188.0,22,2,760.9,1293.46
14189.0,8,8,2156.07,2498.01
14191.0,7,2,429.1,4255.66
14193.0,77,1,422.54,430.85
14194.0,4,7,3407.87,7941.650000000001
14198.0,47,1,183.3,518.1
14201.0,23,3,364.26,383.18
14205.0,72,1,222.9,243.8
14209.0,21,3,1083.15,990.28
14210.0,5,5,1599.65,306.19
14211.0,15,5,909.89,1331.21
14214.0,85,1,638.65,365.73
14215.0,123,3,922.11,867.61
14217.0,15,7,823.89,1181.0900000000001
14221.0,14,2,863.98,2568.82
14223.0,72,1,304.9,686.23
14224.0,23,2,495.32,554.8000000000001
14226.0,18,2,1709.4,522.7900000000001
14227.0,4,7,2399.52,951.44
14229.0,99,2,762.13,785.0699999999999
14231.0,40,2,617.95,307.76
14232.0,72,1,693.1800000000001,1354.89
14233.0,19,3,959.1,503.62
14235.0,34,2,1264.55,1880.31
14236.0,180,1,189.3,301.56
14239.0,8,6,1295.04,1085.81
14240.0,33,1,226.85000000000002,663.49
14243.0,53,5,1513.07,1075.7
14246.0,54,1,449.64,1024.42
14257.0,126,1,620.14,2479.58
14258.0,7,6,7607.82,5062.16
14262.0,48,1,240.0,2378.23
14264.0,53,1,115.7,218.27
14267.0,68,2,836.36,679.88
14272.0,62,1,132.09,305.87
14273.0,26,2,218.70000000000002,341.27
14276.0,97,1,341.2,778.54
14277.0,20,1,1637.43,2578.77
14282.0,11,5,1809.18,1920.16
14286.0,51,1,2050.08,2578.67
14287.0,6,2,83.28,93.35
14289.0,7,3,594.22,317.04
14290.0,169,1,777.5600000000001,1537.09
14291.0,18,3,1613.46,2269.79
14292.0,12,2,1125.21,3746.72
14293.0,113,2,508.02,538.5400000000001
14297.0,82,1,232.6,1072.73
14298.0,27,26,26808.63,24718.67
14299.0,126,4,1565.94,2399.68
14307.0,27,3,1694.98,1300.74
14309.0,42,4,935.88,1416.65
14312.0,81,3,594.02,1017.57
14315.0,74,1,530.4,1950.73
14321.0,141,1,326.82,1203.93
14323.0,46,1,299.82,305.24
14329.0,81,2,2125.6,2889.2400000000002
14334.0,11,5,1678.23,873.98
14336.0,6,3,1114.39,500.52000000000004
14338.0,4,1,579.97,8.25
14341.0,23,4,703.15,1479.13
14342.0,18,1,309.6,358.96
14344.0,14,6,645.88,244.05
14346.0,105,1,262.44,759.14
14352.0,43,2,845.32,233.64000000000001
14364.0,8,2,1117.2,2600.15
14367.0,20,6,2829.11,6432.41
14377.0,70,1,314.6,302.45
14379.0,103,1,110.98,237.12
14388.0,11,3,1173.19,2039.65
14390.0,19,3,1036.08,3616.7400000000002
14395.0,30,5,1625.94,1881.77
14396.0,179,1,110.35000000000001,377.64
14397.0,6,2,242.24,2370.72
14401.0,123,2,552.12,3499.36
14403.0,25,2,976.01,499.8
14404.0,67,3,723.58,750.74
14407.0,13,2,1002.6800000000001,1155.05
14408.0,46,2,705.6400000000001,1900.89
14409.0,126,3,666.1,1393.3500000000001
14410.0,14,6,778.8000000000001,326.27
14414.0,166,1,217.2,1279.78
14415.0,6,5,2399.25,3501.03
14419.0,60,2,307.56,750.5
14421.0,19,1,455.18,357.93
14422.0,75,1,401.31,3862.33
14426.0,84,3,1495.58,2986.09
14428.0,47,2,330.62,914.21
14440.0,124,2,1185.71,1171.97
14441.0,63,1,356.84000000000003,1356.05
14443.0,118,2,608.4,811.8
14446.0,54,1,303.04,736.54
14447.0,4,2,601.03,562.2
14448.0,172,1,102.35000000000001,273.0
14449.0,54,2,401.3,505.8
14450.0,51,2,269.45,213.8
14451.0,2,1,360.0,302.59000000000003
14460.0,118,1,30.0,404.34
14461.0,69,1,776.23,1326.83
14462.0,21,6,956.2,1047.82
14463.0,13,1,115.92000000000002,413.7
14466.0,88,3,1035.65,1236.75
14467.0,120,1,131.7,467.06
14470.0,95,1,297.64,163.55
14472.0,65,4,1328.18,608.66
14473.0,90,1,85.0,149.34
14475.0,112,1,306.55,619.3000000000001
14477.0,105,1,165.0,1144.6
14481.0,95,1,302.86,333.65
14482.0,47,1,238.1,1830.05
14487.0,176,1,125.10000000000001,1071.23
14491.0,180,1,127.2,213.73
14498.0,169,1,166.22,1791.1
14499.0,86,1,126.02000000000001,689.3000000000001
14501.0,127,1,66.93,184.28
14502.0,42,6,1070.23,1400.44
14504.0,51,3,542.71,130.55
14505.0,12,5,3192.76,2712.88
14506.0,91,2,566.86,1445.31
14507.0,23,3,615.31,767.87
14512.0,40,1,126.32,148.96
14513.0,14,2,317.35,138.24
14514.0,9,2,403.11,652.24
14515.0,26,1,425.4,1676.69
14520.0,98,1,165.0,105.60000000000001
14522.0,6,1,278.63,695.91
14524.0,44,4,777.58,1090.1
14525.0,43,4,1249.87,3082.33
14527.0,7,26,3353.08,5155.74
14530.0,70,2,1146.91,1779.0
14533.0,160,1,433.5,1516.22
14534.0,7,8,1717.23,2729.82
14535.0,56,1,853.97,2010.22
14538.0,64,1,106.5,281.75
14540.0,117,1,195.9,800.36
14541.0,22,6,1013.75,447.9
14543.0,22,8,2221.8,1408.53
14544.0,169,1,1121.92,902.53
14546.0,9,2,874.88,1703.21
14548.0,125,1,326.4,326.4
14551.0,12,1,125.43,60.8
14553.0,26,2,312.32,546.95
14555.0,110,1,197.94,126.2
14560.0,4,9,1232.0,1005.77
14562.0,40,3,916.1,4158.67
14565.0,13,2,1877.5500000000002,1221.57
14572.0,62,3,1077.93,1754.91
14573.0,8,7,1378.9,274.52
14577.0,40,2,468.01,391.7
14583.0,13,1,174.51,878.04
14584.0,5,2,474.8,567.46
14587.0,21,7,1280.33,320.81
14591.0,21,1,250.22,1196.92
14593.0,6,2,339.59,278.4
14594.0,181,1,255.0,124.83
14595.0,121,1,163.8,1576.8
14606.0,2,48,6781.76,5374.89
14607.0,69,1,495.0,16074.5
14608.0,170,1,204.0,1581.15
14609.0,104,1,144.0,457.56
14618.0,145,1,211.8,341.64
14621.0,166,1,305.7,1482.66
14623.0,43,1,192.68,696.57
14626.0,41,1,586.9,2204.37
14628.0,50,1,331.58000000000004,340.38
14631.0,43,2,630.08,376.90000000000003
14636.0,76,1,300.19,309.66
14639.0,99,2,1235.13,1749.3600000000001
14640.0,35,1,413.45000000000005,1711.63
14643.0,166,1,357.94,335.87
14644.0,106,1,187.50000000000003,643.26
14645.0,83,1,240.10000000000002,356.99
14646.0,5,25,110713.12,169492.9
14649.0,20,2,584.22,833.0699999999999
14651.0,19,1,416.32,238.28
14653.0,146,1,344.81,1602.74
14655.0,30,1,810.56,1121.67
14656.0,91,1,133.11,157.94
14657.0,90,2,524.4,323.82
14659.0,25,4,1165.13,1364.8
14662.0,42,3,524.86,246.31
14665.0,104,3,731.66,1104.04
14667.0,22,11,3953.81,5287.39
14673.0,175,1,373.49,1362.91
14676.0,15,3,1148.52,1399.72
14680.0,6,9,14533.88,14220.23
14681.0,19,1,393.95,105.0
14682.0,9,1,20.8,31.200000000000003
14684.0,23,2,519.26,717.02
14688.0,6,10,2787.68,2843.19
14691.0,20,1,439.6,1674.73
14692.0,43,3,480.3,111.25
14696.0,50,3,872.6,1206.35
14700.0,46,1,721.5500000000001,1513.75
14701.0,55,5,1750.75,798.62
14702.0,89,6,1222.15,2069.9900000000002
14708.0,176,1,419.06,707.3100000000001
14709.0,23,4,1610.14,3310.9
14711.0,9,5,1443.84,1424.96
14713.0,26,6,1202.03,1464.33
14715.0,106,2,247.45000000000002,619.9300000000001
14719.0,57,1,223.46,1378.67
14723.0,166,3,471.0,687.3000000000001
14730.0,40,3,555.6,1449.46
14731.0,13,2,251.01999999999998,129.0
14732.0,28,3,980.48,1722.01
14733.0,12,8,7907.58,1678.3300000000002
14735.0,4,17,2555.41,3510.28
14737.0,161,1,434.0,730.55
14738.0,7,4,525.69,788.76
14739.0,27,3,1307.6200000000001,2594.66
14741.0,169,2,495.3,905.04
14744.0,105,5,928.03,171.95
14745.0,93,1,240.60000000000002,979.66
14748.0,20,3,771.13,644.62
14754.0,103,1,228.27,409.78000000000003
14755.0,15,4,1862.51,3147.77
14758.0,13,3,1206.94,277.12
14759.0,40,1,572.25,1053.72
14761.0,142,1,97.5,158.4
14766.0,21,3,1166.21,1307.16
14769.0,9,4,5837.35,4837.4
14775.0,180,1,406.56,605.34
14776.0,26,3,1074.6,1463.7
14778.0,116,1,334.05,396.81
14784.0,131,1,114.68,175.31
14790.0,61,1,152.16,592.9
14794.0,11,4,679.54,640.37
14796.0,25,9,3478.75,4543.74
14798.0,118,1,75.68,98.06
14800.0,28,6,3195.6,1144.14
14803.0,83,2,730.7900000000001,114.76
14805.0,121,1,109.25,445.4
14810.0,6,8,1278.7,809.1800000000001
14818.0,61,1,118.25,539.55
14819.0,0,1,84.72,187.35
14823.0,2,2,210.65,110.78
14825.0,12,5,1025.8700000000001,1201.04
14829.0,168,2,385.33,312.22
14834.0,48,1,243.69,1476.6100000000001
14837.0,9,1,492.26,1157.24
14841.0,82,3,1781.8500000000001,1513.91
14842.0,116,1,310.0,2514.69
14844.0,49,1,874.55,2315.26
14849.0,21,10,2412.91,5517.63
14851.0,64,1,206.13,305.22
14852.0,60,1,490.4,2346.29
14853.0,19,1,214.5,261.3
14854.0,35,3,1191.33,1568.5
14859.0,12,1,296.86,1056.88
14865.0,180,1,37.2,15.0
14866.0,174,1,103.68,14286.220000000001
14867.0,27,2,614.14,96.14
14868.0,41,1,439.33,2514.26
14871.0,63,2,248.6,273.78000000000003
14875.0,70,1,362.0,1103.32
14878.0,9,4,851.74,633.8
14880.0,96,1,129.2,576.99
14883.0,19,1,310.56,451.03
14895.0,12,3,3919.78,7218.93
14897.0,104,1,175.5,1190.88
14898.0,48,4,610.93,692.59
14901.0,168,3,497.05,924.24
14903.0,8,3,1800.23,1010.4
14905.0,41,1,308.55,307.6
14907.0,168,3,960.69,2540.4100000000003
14911.0,5,61,38799.78,105025.28
14912.0,54,1,482.79,385.06
14913.0,81,2,615.83,611.6
14915.0,85,1,142.28,165.20000000000002
14916.0,132,1,295.05,973.93
14921.0,9,1,903.01,413.06
14930.0,82,1,1104.13,1268.73
14931.0,14,2,586.0,671.6800000000001
14934.0,90,1,828.84,1062.1
14936.0,83,1,1576.3600000000001,6560.66
14944.0,25,4,1324.33,4575.92
14948.0,27,1,278.40000000000003,823.57
14952.0,14,7,3534.61,4564.88
14958.0,53,1,210.65,289.03
14959.0,23,2,422.38,273.04
14961.0,40,5,3179.66,3865.02
14970.0,60,2,782.25,809.81
14973.0,33,1,654.6,659.85
14976.0,4,3,450.26,340.6
14978.0,43,4,1537.28,394.14
14987.0,173,1,163.2,163.2
14995.0,88,1,119.31,113.92
14998.0,49,1,183.64,246.23
15002.0,104,3,1147.5900000000001,494.17
15005.0,5,12,2654.8,3661.77
15012.0,181,1,191.06,231.98
15018.0,60,2,291.34000000000003,204.87
15021.0,26,3,685.09,1229.73
15023.0,26,4,2857.73,3945.03
15024.0,104,3,688.09,973.24
15026.0,48,2,230.78,238.22
15027.0,27,2,654.12,412.03000000000003
15028.0,176,1,185.97,441.16
15030.0,76,1,152.76,365.52
15031.0,90,1,150.83,517.31
15033.0,16,3,1169.14,1417.53
15034.0,40,5,2664.83,1643.78
15038.0,23,3,401.36,304.13
15039.0,6,25,12987.51,6926.93
15044.0,15,11,4505.33,3194.9
15045.0,65,1,388.9,346.76
15046.0,2,8,2317.46,2896.31
15048.0,28,2,256.45,127.6
15053.0,89,1,222.65,475.14
15058.0,51,5,740.76,1384.23
15059.0,23,4,569.02,768.7
15061.0,19,29,30722.920000000002,23811.22
15062.0,25,3,814.04,173.82
15065.0,35,2,1406.4,1751.73
15067.0,90,1,848.05,896.71
15068.0,64,1,239.95999999999998,313.4
15071.0,83,1,588.6700000000001,393.40000000000003
15078.0,11,13,3838.46,5904.650000000001
15081.0,16,2,248.05,256.75
15093.0,14,4,3396.68,1200.34
15095.0,11,1,770.5,600.1
15101.0,167,1,102.28,215.25
15106.0,19,2,778.45,644.07
15108.0,35,1,191.4,1108.85
15110.0,126,1,169.65,826.45
15111.0,180,1,288.5,1278.98
15114.0,25,3,717.91,2042.65
15116.0,12,1,479.65,873.1
15117.0,23,1,312.4,1239.38
15121.0,96,1,295.15,162.57
15122.0,12,2,930.61,703.1700000000001
15123.0,14,1,1069.47,1129.84
15125.0,15,4,7310.72,4217.76
15128.0,27,1,483.7,987.3
15129.0,19,4,1120.38,2327.02
15132.0,7,2,489.87,488.06000000000006
15133.0,65,2,657.9,324.52
15134.0,21,2,239.45000000000002,1148.54
15140.0,6,3,1127.45,1226.8
15144.0,25,5,1695.02,4885.42
15145.0,35,2,724.03,470.7
15146.0,99,1,834.22,492.94
15150.0,77,1,501.25,4813.22
15157.0,166,1,1085.46,850.61
15159.0,18,11,5026.37,13614.64
15163.0,0,1,155.0,149.47
15164.0,16,2,368.18,474.87
15172.0,4,2,526.2,1097.85
15179.0,41,3,1455.1200000000001,751.83
15181.0,77,1,300.0,389.48
15182.0,76,1,370.48,252.37
15187.0,20,1,431.6,4345.58
15189.0,5,15,4921.45,11303.94
15192.0,173,1,315.0,729.32
15194.0,6,9,3661.1800000000003,3955.35
15197.0,60,2,773.25,306.36
15199.0,43,2,657.15,611.55
15201.0,12,2,602.27,634.27
15203.0,6,2,692.9,1134.9
15206.0,83,1,17.700000000000003,402.6
15208.0,161,1,65.4,804.72
15211.0,173,1,383.07,511.34000000000003
15214.0,50,1,514.9300000000001,1146.51
15218.0,25,3,1757.26,3999.63
15220.0,11,3,858.19,920.77
15227.0,23,3,876.82,342.58
15228.0,102,1,904.85,2481.86
15237.0,11,2,1093.65,318.67
15240.0,49,2,629.1,1077.47
15241.0,0,3,965.4,791.04
15244.0,56,1,297.94,333.63
15245.0,69,1,1251.48,1264.3600000000001
15249.0,4,5,2841.37,3847.09
15251.0,18,2,4095.72,6389.27
15258.0,25,1,315.66,307.5
15260.0,11,4,882.6,928.1700000000001
15265.0,43,1,712.24,793.88
15270.0,46,4,1313.75,1065.74
15271.0,12,5,735.61,1771.46
15281.0,5,6,1927.41,404.74
15288.0,8,3,1624.0,682.52
15289.0,57,1,375.45,564.33
15290.0,11,8,2032.57,5910.65
15291.0,55,9,2679.59,1988.71
15296.0,20,2,1777.81,1895.05
15298.0,70,4,1238.44,3561.46
15299.0,71,4,2435.01,2072.0
15301.0,13,4,2104.0,2966.35
15304.0,26,5,381.6,312.8
15311.0,4,43,29666.69,31101.21
15312.0,23,2,607.9,316.95
15321.0,99,1,1159.47,1588.8400000000001
15339.0,126,1,257.9,316.17
15351.0,177,1,274.67,1685.44
15356.0,26,5,1201.81,1564.69
15358.0,15,11,4363.07,3984.13
15364.0,62,1,331.8,581.39
15365.0,123,1,208.61,2105.71
15366.0,166,1,105.54,496.97
15367.0,53,2,1416.18,461.41
15370.0,11,3,1127.94,1258.11
15373.0,18,6,1191.75,1224.16
15376.0,30,1,654.17,579.19
15379.0,16,5,3263.11,440.18
15380.0,173,1,230.1,1460.1599999999999
15382.0,18,2,1588.02,4367.6900000000005
15384.0,167,1,303.57,338.84
15392.0,168,1,338.98,1196.55
15393.0,89,1,124.10000000000001,107.76
15394.0,12,2,1436.44,747.1
15400.0,86,1,346.1,370.1
15402.0,4,1,440.99,185.78
15406.0,109,1,252.29,258.42
15407.0,30,2,329.86,726.58
15410.0,11,4,1800.89,1649.95
15414.0,50,1,36.2,738.7
15416.0,47,2,2274.43,1709.89
15421.0,23,3,739.36,211.0
15426.0,65,2,662.98,784.41
15434.0,8,1,306.96000000000004,734.52
15436.0,42,1,489.05,633.48
15440.0,16,1,125.8,257.88
15443.0,128,1,437.71,2799.2
15449.0,69,1,345.92,628.6
15452.0,72,1,247.25,291.48
15465.0,41,12,5163.46,2191.16
15482.0,58,3,1437.44,9617.52
15483.0,74,1,114.85,118.96
15485.0,144,2,1278.63,1296.37
15489.0,19,1,348.26,786.02
15491.0,26,3,1644.92,1455.17
15493.0,57,2,951.25,1050.55
15497.0,127,1,970.6,291.6
15498.0,18,11,5826.81,7489.59
15502.0,83,4,2640.46,7744.47
15508.0,27,3,629.11,371.16
15512.0,167,1,101.2,19.8
15513.0,7,12,6069.46,8688.76
15514.0,33,6,2561.94,1577.52
15518.0,23,4,987.57,954.88
15521.0,20,4,1667.78,1332.42
15525.0,181,1,313.93,511.99
15527.0,27,3,900.04,1529.74
15529.0,18,7,1932.21,2063.02
15530.0,54,1,553.13,949.22
15532.0,166,1,356.35,1224.58
15535.0,44,3,411.39,125.01
15544.0,19,4,1759.47,1787.24
15545.0,179,1,135.32999999999998,157.39000000000001
15547.0,2,7,2404.53,2550.31
15549.0,124,1,942.1,751.16
15550.0,109,1,137.9,437.73
15555.0,9,5,1659.75,3145.42
15561.0,23,1,265.75,534.84
15563.0,8,2,735.62,664.82
15569.0,140,1,288.5,1087.21
15570.0,14,8,2525.42,1640.1
15572.0,56,3,876.04,1676.82
15574.0,166,3,590.15,112.1
15577.0,113,1,29.65,229.23
15579.0,121,1,199.6,149.0
15581.0,34,8,634.96,3045.01
15582.0,28,1,303.61,379.3
15587.0,159,1,344.88,568.8
15594.0,42,1,267.91,1503.8700000000001
15596.0,22,4,1389.69,16.9
15599.0,12,1,448.83,312.91
15601.0,11,9,4748.59,2027.97
15602.0,8,5,542.95,754.92
15605.0,60,3,690.1800000000001,508.05
15606.0,30,6,1826.35,1093.81
15611.0,64,3,331.5,1259.95
15615.0,20,10,4739.06,5660.68
15620.0,28,2,875.01,678.17
15622.0,5,5,2602.0,1107.56
15624.0,14,2,311.40000000000003,276.73
15625.0,43,1,695.33,838.93
15626.0,137,1,281.88,393.92
15628.0,63,2,691.01,2179.23
15630.0,12,1,396.86,789.49
15632.0,33,3,1242.5,2042.81
15636.0,90,1,306.7,418.06
15640.0,34,7,5771.61,6744.05
15641.0,68,3,1305.38,581.82
15644.0,64,3,423.19,389.81
15646.0,54,2,340.04,107.60000000000001
15651.0,68,1,227.32,418.98
15656.0,28,2,306.86,441.64
15658.0,5,4,1016.6,7.5
15660.0,12,4,739.02,861.84
15665.0,51,1,1476.22,765.79
15669.0,71,1,198.8,485.54
15671.0,50,3,1033.13,1624.0
15673.0,22,2,1785.73,1095.29
15674.0,21,4,1379.6599999999999,1066.94
15675.0,88,1,45.0,278.69
15676.0,91,1,897.8,2537.96
15680.0,174,1,478.89,854.79
15681.0,88,1,345.68,1080.48
15687.0,76,4,1402.45,1590.65
15689.0,169,1,103.5,150.6
15694.0,11,7,2676.98,3802.42
15696.0,28,6,1637.9,1098.56
15704.0,23,1,938.85,1354.77
15708.0,30,5,2068.3,1295.94
15712.0,95,1,299.8,772.5600000000001
15713.0,174,1,171.15,185.55
15716.0,9,3,902.44,216.37
15719.0,7,7,2430.97,2614.64
15722.0,98,1,324.05,1898.51
15727.0,6,4,3250.87,1928.09
15730.0,14,1,467.43,653.45
15734.0,8,1,578.6500000000001,760.8000000000001
15737.0,50,1,475.88,729.24
15738.0,12,9,2613.04,2199.38
15745.0,44,1,302.85,791.74
15750.0,91,3,612.5699999999999,1852.91
15752.0,57,3,1045.18,1592.2
15754.0,54,1,91.8,366.77
15755.0,43,2,620.73,1743.52
15756.0,21,2,249.12,283.84
15757.0,25,1,261.36,453.06
15764.0,84,1,1120.93,2159.04
15768.0,11,2,479.15,142.68
15769.0,5,13,27889.72,28363.0
15780.0,50,2,402.76000000000005,72.52000000000001
15781.0,113,1,83.35,262.11
15785.0,5,2,1330.4,998.57
15791.0,12,1,1223.24,389.45000000000005
15793.0,76,1,306.64,658.97
15796.0,8,3,976.79,1734.7700000000002
15797.0,22,3,1840.2,367.2
15799.0,142,1,320.22,563.92
15800.0,54,1,244.5,454.58
15804.0,6,1,525.36,3681.03
15805.0,5,5,2503.78,3024.7000000000003
15806.0,84,1,300.36,484.22
15809.0,12,3,383.31,132.46
15810.0,40,2,854.12,537.86
15811.0,13,4,1294.84,923.78
15812.0,62,2,764.76,1036.38
15815.0,20,3,1394.08,706.52
15819.0,7,2,1177.14,728.3100000000001
15822.0,167,1,440.2,445.27
15826.0,18,1,720.0,934.3100000000001
15827.0,23,9,911.69,924.4
15831.0,132,1,309.94,491.82
15834.0,85,2,1281.37,952.38
15835.0,68,2,488.31,465.78000000000003
15838.0,26,6,6102.9,27540.18
15841.0,26,2,613.26,610.8000000000001
15845.0,18,3,1537.16,2174.61
15847.0,96,1,180.68,208.59
15852.0,5,1,103.21000000000001,57.5
15854.0,12,6,1584.39,1390.26
15855.0,14,3,342.51,369.73
15856.0,11,8,6939.47,9448.1
15858.0,97,2,816.22,622.63
15860.0,40,3,420.26,556.95
15861.0,75,2,722.48,2442.88
15862.0,12,2,491.01,341.87
15863.0,0,1,9.2,59.64
15864.0,124,1,242.42000000000002,1693.9
15865.0,21,1,313.93,581.2
15867.0,4,9,1755.05,2057.59
15874.0,25,5,2162.8,2243.08
15885.0,117,1,15.0,364.35
15889.0,177,1,297.92,148.95
15898.0,34,4,1002.99,385.89
15903.0,35,2,641.64,4485.12
15906.0,27,3,683.16,884.53
15907.0,18,1,251.18,716.27
15910.0,15,4,550.61,681.57
15912.0,41,1,141.49,123.13
15916.0,54,4,735.1800000000001,792.91
15918.0,79,1,142.0,192.23000000000002
15919.0,176,1,270.72,369.17
15932.0,22,4,1273.25,1222.62
15938.0,9,4,335.3,69.28
15939.0,4,9,4632.35,1482.66
15950.0,167,1,428.82,1336.69
15951.0,93,1,375.17,333.05
15952.0,33,1,232.65000000000003,573.92
15953.0,19,4,826.14,833.24
15955.0,11,3,1445.6200000000001,2970.64
15965.0,175,1,156.19,689.45
15967.0,126,1,173.8,245.03
15971.0,50,4,1086.15,3113.7
15974.0,19,3,1573.49,1868.66
15976.0,28,1,209.99,220.95
15980.0,62,1,760.18,1638.68
15981.0,18,4,1622.1999999999998,1786.28
15983.0,168,3,1148.27,326.75
15984.0,41,5,782.08,2055.59
15985.0,44,1,899.58,242.84
15987.0,7,4,516.08,935.2
15990.0,95,1,401.37,390.74
15996.0,71,3,655.27,405.41
15998.0,70,2,1782.22,1307.75
16003.0,167,1,1181.0,1554.3700000000001
16005.0,78,1,177.59,437.8
16007.0,23,1,369.75,1332.19
16008.0,12,1,139.15,339.63
16011.0,41,6,990.84,2371.87
16013.0,0,22,12418.62,24711.98
16014.0,99,1,262.93,399.45
16016.0,4,4,817.57,691.19
16019.0,40,6,2489.5,1296.74
16023.0,0,2,500.69,219.12
16027.0,26,3,516.6700000000001,417.95000000000005
16029.0,7,29,35776.26,45248.58
16031.0,55,1,305.63,243.31
16033.0,8,11,3277.67,5538.7300000000005
16036.0,71,1,188.73000000000002,570.19
16038.0,9,1,316.95,154.83
16040.0,76,1,422.43,891.12
16042.0,140,1,24.95,1172.32
16043.0,19,3,676.49,97.5
16045.0,53,2,861.25,479.45
16057.0,19,3,1059.54,1203.58
16059.0,62,3,647.7,812.16
16062.0,49,2,578.18,575.44
16076.0,16,1,305.45,1929.28
16080.0,82,1,130.26,86.9
16081.0,67,2,568.13,2238.77
16083.0,168,1,337.98,979.64
16085.0,44,2,325.04,656.47
16086.0,8,3,587.0600000000001,534.33
16091.0,6,1,157.25,157.81
16092.0,5,2,593.73,224.13
16094.0,27,1,252.1,826.13
16098.0,42,3,1010.3000000000001,995.33
16099.0,33,1,318.3,413.6
16103.0,34,2,534.46,895.18
16110.0,70,2,693.93,643.55
16112.0,141,2,136.14,59.599999999999994
16115.0,20,3,510.9,1157.07
16121.0,23,1,287.89,579.22
16122.0,140,2,249.84,434.58
16126.0,104,1,891.35,5396.42
16128.0,90,1,388.3,1491.92
16131.0,15,2,1664.52,1842.02
16133.0,4,11,6486.650000000001,8102.39
16134.0,167,1,283.53000000000003,334.56
16136.0,85,1,159.3,550.08
16139.0,14,1,139.8,495.61
16140.0,179,1,124.14,601.04
16143.0,20,4,1574.17,850.77
16145.0,34,4,1316.28,2483.21
16146.0,11,2,659.13,75.0
16150.0,78,2,964.48,1088.54
16153.0,25,2,401.91,1422.32
16156.0,14,3,1060.57,2061.47
16161.0,6,10,2288.1,3287.46
16168.0,0,9,1251.81,2535.79
16170.0,42,2,625.58,1259.47
16172.0,49,1,199.38,940.83
16175.0,12,2,466.98,570.61
16180.0,18,4,2745.43,7508.75
16182.0,11,2,2517.0,4100.65
16184.0,19,1,148.22,1010.57
16185.0,40,1,335.0,194.41
16186.0,19,4,1047.21,2959.73
16187.0,11,7,2564.64,4346.8
16188.0,34,2,565.77,416.09000000000003
16191.0,70,8,2615.68,2564.84
16203.0,35,2,318.3,274.6
16206.0,16,2,288.75,248.31
16208.0,97,1,497.59000000000003,166.67000000000002
16209.0,54,1,305.95000000000005,1956.6700000000003
16210.0,21,9,10593.21,10493.09
16212.0,91,1,498.15000000000003,192.19
16214.0,60,2,749.6700000000001,313.08000000000004
16218.0,14,4,1728.76,1355.92
16221.0,83,2,315.37,549.49
16224.0,48,2,543.21,752.09
16225.0,85,2,416.61,679.71
16229.0,20,1,358.2,652.4
16230.0,28,1,275.93,266.1
16232.0,23,2,366.47,624.41
16233.0,137,2,326.5,210.18
16235.0,103,2,344.46,522.85
16241.0,20,4,833.96,1773.91
16242.0,22,2,392.9,3210.31
16245.0,64,1,453.98,959.68
16249.0,9,2,1020.53,779.5400000000001
16253.0,63,1,1700.4,1983.46
16255.0,54,4,1061.67,1558.24
16258.0,27,1,1032.46,4171.05
16261.0,54,1,254.96,491.87
16265.0,68,5,2875.14,2571.86
16266.0,8,3,371.84,490.05
16271.0,166,1,133.22,1296.02
16283.0,16,1,277.81,1293.0
16293.0,15,4,1129.74,1119.25
16303.0,141,1,827.1800000000001,4533.45
16308.0,25,2,960.0,1600.0
16309.0,48,1,334.2,372.37
16316.0,14,5,1829.11,1109.8
16317.0,105,1,570.76,770.89
16320.0,21,1,852.6800000000001,185.78
16321.0,113,3,223.65,150.0
16325.0,53,1,190.82000000000002,403.42
16326.0,22,3,535.6800000000001,2575.28
16327.0,7,4,2469.64,1374.58
16332.0,113,1,122.3,1470.9
16333.0,0,16,13087.2,13539.6
16341.0,9,1,797.65,1174.22
16348.0,48,2,455.7,1013.75
16350.0,141,1,376.7,739.77
16353.0,25,11,2155.28,4520.43
16357.0,21,1,137.9,520.98
16359.0,22,5,1016.26,734.66
16365.0,61,3,489.35999999999996,1051.06
16367.0,170,1,170.91,633.58
16369.0,4,1,354.45,1199.21
16370.0,33,1,275.54,1045.02
16374.0,70,1,156.3,316.73
16383.0,76,1,309.46,358.9
16384.0,71,1,409.1,175.4
16385.0,174,1,148.23000000000002,407.66
16386.0,61,1,61.10000000000001,256.1
16389.0,13,2,670.1700000000001,711.9
16393.0,23,5,839.22,2206.99
16394.0,56,2,619.3,936.04
16395.0,131,2,450.56,1036.34
16398.0,61,1,1169.95,535.85
16399.0,43,1,178.41,230.16
16401.0,18,5,1661.89,2436.43
16407.0,2,5,794.74,1332.19
16409.0,50,2,803.5600000000001,1225.32
16411.0,177,1,131.5,83.15
16414.0,88,1,50.8,75.45
16418.0,34,1,145.91,529.36
16419.0,83,2,516.93,455.3
16422.0,8,26,17583.36,17101.04
16426.0,84,1,328.37,1579.88
16434.0,0,3,724.22,798.03
16440.0,22,1,272.46,3368.21
16441.0,99,1,211.0,170.2
16442.0,35,2,437.03,179.76
16444.0,2,2,240.08,414.59
16446.0,13,1,2.9,168469.6
16455.0,12,5,1133.78,707.4
16456.0,35,3,1576.6100000000001,581.76
16458.0,25,6,1139.4,2343.34
16462.0,91,1,34.0,102.0
16463.0,12,1,319.37,1103.03
16466.0,16,2,324.07000000000005,1279.39
16469.0,54,2,276.88,373.55
16470.0,0,2,345.66,416.73
16473.0,95,2,217.81,98.3
16475.0,81,1,310.0,234.3
16477.0,22,5,1552.51,941.95
16493.0,93,2,367.8,983.83
16495.0,84,2,246.51,437.9
16496.0,15,2,1185.04,414.48
16497.0,11,5,1550.7,1414.99
16500.0,138,1,165.0,235.86
16503.0,22,3,1093.39,338.54
16511.0,74,1,340.75,609.51
16515.0,54,2,622.33,1004.8
16518.0,92,1,190.7,293.62
16519.0,173,1,103.7,111.38
16520.0,47,2,622.92,423.65000000000003
16523.0,8,8,2835.6,6582.87
16525.0,4,14,7088.29,5939.16
16531.0,102,3,484.83,759.76
16532.0,146,1,1910.4,4838.4
16539.0,27,3,1053.61,335.2
16549.0,142,1,119.49000000000001,4035.15
16550.0,43,2,1038.91,1260.06
16551.0,144,1,311.07,611.05
16553.0,13,9,4731.18,988.64
16554.0,30,2,314.11,522.99
16556.0,9,4,1638.82,1674.97
16558.0,0,10,3450.58,4887.91
16560.0,166,1,332.18,509.23
16566.0,0,2,280.12,334.54
16570.0,13,3,1473.23,2265.17
16571.0,89,1,436.68,985.01
16572.0,83,1,342.58,667.02
16573.0,98,1,292.63,370.98
16584.0,62,1,611.94,324.14
16592.0,9,6,1152.83,2960.85
16593.0,135,1,69.6,260.43
16596.0,174,1,120.65,129.5
16600.0,61,2,237.46,576.06
16607.0,15,7,1717.06,1630.65
16609.0,5,3,1987.6200000000001,3505.84
16612.0,119,1,280.05,907.61
16618.0,18,4,1441.29,1206.3
16620.0,68,1,95.75999999999999,83.2
16621.0,23,2,490.7,322.78
16624.0,5,1,426.43,384.14
16626.0,74,1,795.75,3617.35
16628.0,26,2,712.91,1475.14
16633.0,42,1,447.52000000000004,2435.58
16637.0,33,1,303.62,850.85
16638.0,65,6,1211.44,469.28
16639.0,14,2,471.15000000000003,786.36
16642.0,15,1,307.73,380.6
16644.0,20,1,722.41,111.37
16647.0,12,1,127.75,86.31
16652.0,20,3,3054.62,3719.35
16654.0,43,2,501.85,99.42
16655.0,139,1,812.25,2982.27
16656.0,0,6,3557.48,5068.32
16657.0,62,1,242.55,691.07
16660.0,18,2,384.36,883.29
16667.0,92,1,203.35,366.78
16668.0,22,2,122.58,184.14000000000001
16670.0,55,5,1948.22,2147.68
16672.0,12,8,3488.34,4646.6
16676.0,21,3,1098.5,493.62
16678.0,5,5,1266.65,1843.34
16681.0,13,3,875.84,894.5
16684.0,13,13,25075.94,41577.62
16686.0,2,4,1229.57,1833.26
16690.0,9,1,86.5,139.08
16693.0,79,1,157.56,324.45
16696.0,11,3,558.9,99.0
16700.0,9,7,2948.23,2128.32
16701.0,13,5,1895.17,3503.13
16705.0,15,8,6608.49,7426.5
16709.0,7,4,1984.5900000000001,1045.28
16710.0,15,6,1637.64,845.4
16711.0,110,2,598.8,1052.23
16712.0,20,4,1204.37,2441.06
16713.0,43,8,2611.63,4311.5
16717.0,174,1,307.25,3551.13
16719.0,43,4,978.23,812.1899999999999
16722.0,8,5,1963.26,2767.55
16726.0,4,4,795.19,586.83
16728.0,44,2,326.93,727.74
16729.0,8,9,2834.13,4405.79
16730.0,42,2,480.94,262.17
16735.0,47,2,1097.92,1202.64
16743.0,19,3,1061.75,1176.34
16745.0,19,9,3588.03,3606.27
16746.0,2,8,2889.18,3808.48
16748.0,25,3,910.2,605.7
16750.0,40,1,118.7,505.23
16755.0,34,2,908.47,588.36
16767.0,27,3,2649.06,2931.54
16768.0,79,1,183.25,294.84000000000003
16770.0,44,4,656.48,113.62
16771.0,83,3,1655.95,590.86
16775.0,13,4,691.8,1003.86
16777.0,65,1,177.25,49.1
16778.0,82,1,93.18,152.76
16779.0,27,10,3780.76,6848.96
16780.0,67,1,161.89,263.3
16782.0,12,7,1348.3,931.6
16788.0,62,1,297.17,300.31
16791.0,21,4,576.15,1145.63
16801.0,0,3,1478.88,140.85
16804.0,78,1,118.05,418.94
16805.0,168,1,214.76999999999998,245.82
16806.0,28,2,414.37,387.12
16807.0,23,2,651.83,469.76
16808.0,82,1,166.5,121.92
16809.0,16,2,343.08,571.61
16813.0,12,1,206.25,1486.73
16814.0,0,12,4172.86,2336.24
16816.0,121,2,325.45,91.61
16817.0,26,6,949.25,655.5
16818.0,9,2,726.24,2623.33
16832.0,11,2,136.65,62.5
16833.0,67,3,671.2900000000001,435.24
16835.0,181,1,81.75,99.1
16837.0,5,8,1814.74,1356.24
16839.0,4,13,6641.1900000000005,9953.16
16841.0,21,2,636.5,1233.32
16842.0,110,1,520.5699999999999,743.62
16843.0,5,6,3841.9,6354.67
16859.0,69,1,259.84,487.97
16863.0,174,1,164.25,338.55
16871.0,18,4,2037.82,774.52
16873.0,5,3,3233.45,3890.17
16875.0,104,3,805.09,1290.44
16877.0,16,1,77.75,775.97
16882.0,47,2,215.70000000000002,489.42
16883.0,179,1,128.03,148.7
16885.0,165,1,190.65,280.86
16891.0,179,1,232.26,577.44
16898.0,176,1,116.08,392.73
16899.0,15,2,347.55,934.01
16904.0,33,6,1288.17,2466.1
16905.0,44,3,853.9300000000001,2248.5
16906.0,13,2,213.64000000000001,366.13
16907.0,42,3,584.0,397.65
16912.0,15,5,1165.66,1409.72
16915.0,56,2,166.79,454.89000000000004
16916.0,180,1,198.08,378.18
16918.0,125,1,275.78,793.04
16919.0,0,9,2055.35,541.1
16923.0,7,9,3160.52,4087.09
16927.0,84,2,341.45,201.6
16928.0,23,6,950.11,1897.49
16931.0,2,9,1903.11,2701.11
16933.0,47,1,224.73,338.5
16938.0,116,1,267.6,2468.78
16940.0,97,1,757.68,2292.2
16942.0,27,3,577.96,1342.63
16945.0,9,8,1773.68,2571.82
16948.0,70,2,240.54,194.48
16949.0,26,3,505.75,780.52
16950.0,175,1,172.0,1006.56
16951.0,112,1,1053.79,223.96
16954.0,62,3,941.48,1143.6
16955.0,144,3,354.98,163.69
16960.0,60,1,201.53,305.52
16966.0,5,3,1154.4,1000.5699999999999
16979.0,105,1,347.15,1504.85
16983.0,79,3,622.34,1308.91
16985.0,19,6,2915.36,2548.7599999999998
16987.0,13,1,213.05,1412.0
16992.0,7,2,671.15,943.1600000000001
16996.0,53,4,700.8800000000001,756.08
16998.0,12,3,287.1,7.9
17001.0,15,5,1801.94,2187.63
17002.0,23,2,993.52,500.21
17007.0,9,4,462.73,427.2
17017.0,12,11,4493.82,4200.44
17018.0,133,1,405.0,515.1
17019.0,69,3,995.93,276.68
17025.0,181,2,160.97,196.8
17026.0,177,1,33.15,121.68
17027.0,91,3,443.88,446.41
17029.0,44,1,358.0,358.0
17033.0,22,2,608.1,422.04
17034.0,95,1,141.79999999999998,603.72
17041.0,168,1,304.5,777.07
17042.0,4,2,495.39,548.99
17043.0,74,1,174.6,1560.58
17045.0,55,1,39.95,299.49
17047.0,13,2,749.4300000000001,351.47
17048.0,90,2,760.4000000000001,164.95000000000002
17049.0,22,3,1581.8,4078.1800000000003
17050.0,58,4,2200.84,1028.0
17054.0,15,3,918.82,437.51
17058.0,7,2,819.6600000000001,360.23
17059.0,5,3,1510.67,1584.37
17061.0,0,7,3250.23,1982.0
17063.0,97,2,319.37,1141.77
17064.0,135,1,147.85,711.5
17068.0,12,10,2336.1,2216.04
17069.0,34,4,1073.07,1636.63
17071.0,47,3,791.83,1637.2
17075.0,61,3,696.07,138.05
17076.0,81,2,334.2,506.88
17080.0,77,1,76.32000000000001,211.3
17082.0,126,1,636.94,1366.91
17083.0,103,2,996.02,409.76
17085.0,58,4,1218.9,347.75
17088.0,61,1,1015.83,975.1800000000001
17090.0,35,3,649.05,1394.9
17091.0,48,3,1393.72,2434.04
17092.0,85,1,134.9,1642.88
17095.0,107,2,543.96,780.1999999999999
17096.0,69,1,133.49,888.64
17097.0,132,2,287.64,666.78
17105.0,114,1,319.4,346.38
17107.0,16,2,4118.81,6696.62
17109.0,40,2,464.59000000000003,420.45
17114.0,16,4,446.09,362.53
17115.0,41,1,310.02,527.48
17126.0,107,2,515.27,489.48
17133.0,54,2,1041.67,3850.57
17134.0,72,1,330.5,94.5
17135.0,97,2,500.55,639.18
17139.0,18,4,4705.9,5962.57
17146.0,71,2,563.88,185.9
17147.0,14,2,973.11,741.48
17158.0,40,2,698.5500000000001,568.42
17160.0,33,2,1205.07,2312.96
17162.0,53,5,819.3100000000001,896.15
17164.0,20,2,943.22,1524.13
17166.0,12,1,127.59,78.75
17175.0,104,1,519.08,924.61
17179.0,40,2,488.31,223.48000000000002
17180.0,49,3,564.86,231.17
17181.0,181,1,155.52,84.39999999999999
17188.0,123,3,1424.44,1049.79
17189.0,167,1,227.22,157.18
17190.0,15,1,195.0,249.74
17191.0,88,4,820.88,1274.25
17198.0,173,2,521.66,170.56
17204.0,49,2,1250.16,314.4
17211.0,41,5,1253.94,1063.28
17213.0,124,3,936.95,1844.28
17214.0,57,4,613.67,455.45
17218.0,22,5,948.58,1012.14
17220.0,14,5,1464.78,1733.47
17227.0,64,2,366.15,573.17
17228.0,15,4,687.58,1218.51
17231.0,23,5,1339.86,1834.46
17235.0,180,1,341.90000000000003,208.16
17236.0,50,4,563.82,352.31
17238.0,14,8,1363.6,2381.05
17243.0,44,11,2864.1,5812.75
17250.0,69,1,162.65,221.87
17255.0,107,1,112.46,185.95
17256.0,120,1,127.9,112.10000000000001
17259.0,176,1,381.64,221.73000000000002
17262.0,35,4,955.3600000000001,298.0
17268.0,51,2,276.48,487.15999999999997
17272.0,7,2,1409.44,739.1899999999999
17282.0,107,1,741.85,961.5600000000001
17284.0,43,2,928.4499999999999,724.13
17287.0,13,4,500.34,563.77
17288.0,15,5,663.7,756.03
17293.0,116,2,469.35,1405.76
17302.0,16,2,303.12,832.51
17306.0,12,8,3195.66,5435.65
17311.0,124,1,556.46,828.39
17314.0,64,3,787.0,1740.92
17315.0,9,19,2639.79,3652.4700000000003
17320.0,44,2,910.1,290.52
17323.0,23,2,297.37,623.7
17324.0,139,2,702.23,288.0
17329.0,123,1,243.36,279.75
17337.0,19,3,1994.92,32.95
17338.0,13,5,3643.25,3000.68
17339.0,173,1,60.0,183.36
17340.0,0,4,5802.81,6550.4800000000005
17341.0,174,1,513.6,267.76
17345.0,4,2,128.33,409.41
17346.0,12,5,799.14,1877.42
17348.0,105,1,160.15,999.37
17351.0,81,1,198.6,388.55
17361.0,99,1,45.0,443.2
17364.0,12,5,2101.85,2379.33
17365.0,7,4,1897.19,2904.37
17368.0,67,3,888.92,1023.75
17371.0,169,1,97.63,326.26
17372.0,51,4,745.3000000000001,597.38
17373.0,120,1,145.25,501.67
17376.0,119,1,105.85,97.35
17377.0,63,7,1597.6200000000001,2503.3
17381.0,11,16,13818.13,6457.48
17384.0,27,1,227.64999999999998,108.75
17388.0,19,2,763.2,496.36
17389.0,7,13,4979.92,26853.76
17396.0,179,1,397.5,6933.3
17398.0,18,2,528.45,124.92999999999999
17400.0,18,4,1312.52,817.44
17402.0,41,4,784.37,1849.48
17404.0,19,6,13853.62,18053.2
17409.0,56,1,260.55,511.29999999999995
17410.0,23,1,302.4,912.3199999999999
17411.0,69,1,285.58,493.36
17412.0,4,4,709.82,548.24
17416.0,5,3,3448.01,3445.41
17418.0,131,1,167.39000000000001,296.07
17419.0,57,7,2045.8,2180.77
17420.0,181,1,130.85,467.98
17422.0,28,2,628.07,1351.3
17423.0,25,1,449.42,248.99
17426.0,90,1,1193.88,3843.38
17428.0,20,13,7288.82,9968.03
17429.0,26,1,186.86,338.06
17430.0,173,1,112.6,153.16
17436.0,34,1,122.4,93.9
17440.0,55,2,124.62,61.800000000000004
17442.0,28,2,814.83,1433.73
17446.0,118,1,68.1,52.8
17449.0,42,3,1322.69,1198.17
17450.0,0,14,55760.26,138790.53
17457.0,12,4,1397.6399999999999,340.06
17460.0,33,5,462.58000000000004,159.85000000000002
17462.0,92,1,463.40999999999997,212.28
17463.0,41,2,943.76,952.65
17469.0,12,1,305.36,1565.6100000000001
17470.0,25,3,623.11,501.96
17472.0,96,2,451.02,259.27
17489.0,20,1,208.56,168.07999999999998
17491.0,68,3,1189.86,2369.01
17505.0,13,1,486.99,658.85
17511.0,14,15,35750.4,55311.98
17512.0,8,6,1302.42,1622.57
17515.0,14,3,571.37,67.65
17516.0,25,3,455.21,312.87
17519.0,14,3,955.6,888.4200000000001
17521.0,7,1,159.56,563.65
17522.0,14,2,248.42,822.29
17526.0,98,3,872.8,323.1
17527.0,26,1,292.11,647.26
17530.0,14,6,1367.86,1017.14
17537.0,111,1,630.7,266.92
17540.0,124,1,268.8,310.1
17552.0,180,2,298.52,631.89
17555.0,142,1,195.45,287.81
17560.0,12,2,486.05,368.9
17567.0,41,4,1873.97,2457.5099999999998
17571.0,85,2,359.95,1138.56
17572.0,46,2,152.20000000000002,74.55000000000001
17576.0,22,9,1440.03,2182.65
17581.0,21,10,3419.56,7625.48
17585.0,71,2,521.53,611.54
17588.0,40,1,397.20000000000005,843.0
17589.0,48,1,590.77,1813.4
17591.0,11,5,1649.5700000000002,576.4
17593.0,160,1,662.9,3264.44
17594.0,62,1,315.0,678.1800000000001
17596.0,56,2,746.91,2081.02
17602.0,132,1,767.0500000000001,4335.92
17609.0,110,2,537.6899999999999,574.53
17611.0,9,6,2021.94,1962.28
17612.0,22,2,665.75,1382.7
17613.0,2,7,2527.01,2032.14
17615.0,11,2,272.3,57.3
17616.0,62,2,408.0,163.2
17618.0,56,2,666.78,304.8
17621.0,120,2,901.7800000000001,478.12
17624.0,26,1,400.3,443.18
17625.0,65,1,549.6800000000001,1497.32
17629.0,22,3,606.1899999999999,1207.93
17630.0,40,1,335.5,168.1
17631.0,40,1,302.55,225.78
17634.0,20,5,1814.67,547.3
17644.0,11,3,921.77,1973.8700000000001
17648.0,0,3,1107.39,690.11
17652.0,42,2,632.24,4235.4800000000005
17655.0,18,4,1602.7,1036.24
17658.0,19,1,317.6,277.82
17659.0,7,4,1070.24,1929.22
17663.0,6,3,790.8100000000001,1012.1
17664.0,20,1,326.19,278.45
17667.0,19,3,1356.67,698.84
17669.0,18,3,1611.0,1795.72
17671.0,19,2,786.73,785.98
17672.0,117,1,1177.84,2000.33
17673.0,74,2,780.06,849.06
17674.0,176,1,300.66,250.38
17675.0,12,12,7506.150000000001,12868.130000000001
17676.0,174,1,300.7,1086.98
17677.0,20,11,6262.93,10100.3
17682.0,0,3,1107.41,1366.92
17685.0,74,5,1512.72,1678.81
17686.0,8,4,3036.75,2702.71
17690.0,9,8,2132.3,2625.65
17692.0,34,3,623.46,117.48
17696.0,85,3,493.84000000000003,1791.8700000000001
17700.0,21,2,1125.57,1409.07
17702.0,14,1,439.8,1384.57
17704.0,47,1,387.29,497.9
17705.0,23,3,357.3,1466.22
17706.0,97,4,888.85,9615.64
17707.0,144,1,83.7,68.7
17708.0,132,1,110.6,156.48
17711.0,97,1,220.53000000000003,164.57
17716.0,57,2,1451.62,4204.37
17719.0,7,4,1665.61,3730.43
17720.0,33,2,532.38,663.5600000000001
17722.0,132,2,1743.58,680.46
17723.0,8,2,746.8000000000001,2529.6000000000004
17725.0,0,4,1269.63,2169.45
17730.0,41,4,1445.39,3853.09
17733.0,69,1,216.95000000000002,475.24
17734.0,41,1,112.98,587.65
17735.0,26,8,5019.01,8091.01
17738.0,90,1,779.9200000000001,1099.13
17739.0,4,3,1070.77,1720.58
17742.0,140,1,302.57,52.54
17744.0,58,4,1288.96,1033.44
17749.0,64,1,369.01,305.51
17754.0,68,1,264.24,1508.02
17757.0,11,14,2318.9,3286.39
17758.0,16,3,1054.83,2401.87
17760.0,181,1,172.54,115.05
17764.0,19,1,261.97,556.85
17765.0,18,2,262.55,109.33
17769.0,86,2,884.76,3113.2200000000003
17771.0,131,1,115.8,130.01
17774.0,57,2,594.99,630.42
17781.0,61,1,102.0,86.02
17783.0,55,1,112.41,171.06
17786.0,125,1,114.85,163.89
17787.0,112,3,1716.17,149.02
17790.0,6,9,897.01,1068.54
17795.0,72,1,163.25,187.14000000000001
17796.0,121,3,622.0,75.9
17799.0,50,6,1388.33,1667.6
17800.0,25,3,354.85,844.16
17802.0,180,1,100.2,1184.84
17809.0,25,6,2650.7000000000003,2761.21
17811.0,7,17,3918.48,3919.25
17812.0,176,1,217.54999999999998,514.61
17816.0,77,2,21.31,15.25
17817.0,85,2,269.7,117.98
17819.0,2,5,2869.02,835.85
17827.0,50,4,1583.81,411.65
17830.0,69,2,287.65000000000003,111.05
17838.0,100,3,1687.7,1091.6
17841.0,0,47,11529.62,29461.95
17848.0,57,4,388.37,512.8299999999999
17854.0,35,1,111.76,199.5
17856.0,41,3,1142.63,275.4
17857.0,14,9,8783.84,18095.2
17858.0,69,6,2619.7999999999997,2535.86
17861.0,61,2,457.98,1642.82
17863.0,62,3,1371.9,1788.1000000000001
17864.0,83,1,208.41,389.09000000000003
17865.0,12,7,4161.66,6364.66
17867.0,11,2,604.0500000000001,593.0500000000001
17869.0,23,3,310.96,117.22
17870.0,175,1,326.4,1567.95
17873.0,48,3,1190.98,668.1800000000001
17874.0,33,5,560.7,122.76
17883.0,54,1,119.35,552.42
17884.0,119,3,602.84,114.61
17886.0,18,2,396.26,503.35
17888.0,20,3,178.78,547.27
17894.0,93,6,867.85,251.96
17897.0,175,2,434.62,131.98
17898.0,15,1,99.84,52.22
17905.0,160,2,394.15,406.09000000000003
17913.0,163,1,218.05,193.55
17917.0,64,2,230.46,110.82
17920.0,8,5,1573.59,2630.51
17921.0,74,1,280.57,545.95
17924.0,109,2,502.2,2460.3
17926.0,11,1,211.73000000000002,185.56
17928.0,54,1,78.25999999999999,134.28
17929.0,62,2,435.0,408.0
17930.0,47,1,390.6,1349.8799999999999
17931.0,63,1,297.2,111.16000000000001
17932.0,19,1,589.01,742.5600000000001
17937.0,65,4,3327.48,973.74
17940.0,26,5,3461.94,644.5
17949.0,0,13,9058.8,49451.68
17950.0,173,2,263.17,219.03
17951.0,166,2,409.50000000000006,599.0400000000001
17954.0,34,7,1181.3,1151.42
17961.0,4,20,874.39,422.05
17964.0,180,1,261.76,209.94
17965.0,60,6,1330.03,1292.54
17966.0,69,1,147.0,951.43
17969.0,169,1,125.2,103.0
17974.0,27,1,172.77,568.02
17975.0,0,7,2781.12,1707.69
17979.0,67,2,241.67,516.04
17980.0,12,2,562.75,248.7
17988.0,134,1,64.99000000000001,136.13
17994.0,81,2,329.15,349.34
17999.0,174,1,190.34,191.72
18008.0,11,7,2065.41,50.78
18016.0,123,2,324.75,1158.81
18017.0,118,1,165.0,358.0
18018.0,7,1,37.45,84.69
18036.0,53,1,110.8,294.82
18037.0,33,5,60.82,9.2
18040.0,53,1,239.00000000000003,118.2
18041.0,21,13,2631.0099999999998,1552.38
18043.0,14,2,451.81,107.7
18044.0,6,6,883.21,1205.39
18055.0,11,6,3362.53,3421.66
18061.0,15,5,1190.6200000000001,928.79
18062.0,28,2,485.92,234.6
18064.0,43,1,408.0,406.0
18065.0,27,6,1147.73,1245.1
18069.0,43,2,689.56,1347.11
18073.0,4,2,241.08,3636.44
18075.0,12,6,1270.72,1341.03
18077.0,34,4,879.38,1753.63
18079.0,46,1,1612.83,2039.1399999999999
18080.0,50,1,841.4999999999999,390.0
18087.0,98,1,3202.92,852.8
18092.0,35,5,3996.24,5072.02
18093.0,105,2,1117.52,989.0
18094.0,26,3,1777.2,1240.1000000000001
18097.0,13,3,1456.56,1241.24
18102.0,14,15,64642.11,195015.19
18109.0,2,11,2484.43,5568.54
18116.0,42,7,1254.47,163.56
18118.0,15,14,3327.93,2325.89
18125.0,9,3,945.14,197.85
18136.0,19,2,600.85,183.48000000000002
18142.0,23,1,282.48,737.04
18144.0,20,7,1605.65,1283.1
18145.0,12,2,1023.78,1837.77
18146.0,28,1,76.65,83.7
18149.0,23,2,549.68,62.400000000000006
18150.0,9,1,227.57999999999998,339.0
18151.0,97,1,312.55,340.8
18155.0,99,1,113.93,257.69
18156.0,177,1,206.23000000000002,528.71
18160.0,8,1,318.55,319.51
18161.0,61,2,546.32,1072.3700000000001
18168.0,12,5,1054.79,115.15
18170.0,25,1,304.21,676.1
18171.0,46,2,464.59000000000003,766.72
18172.0,19,7,3720.16,3841.52
18173.0,7,3,1728.8400000000001,378.0
18177.0,12,4,713.65,627.77
18178.0,27,3,1099.94,490.87
18179.0,60,4,1103.16,690.01
18188.0,98,1,426.6,1574.44
18189.0,75,1,633.1,457.14
18196.0,98,1,450.78,238.35
18198.0,11,10,3175.11,2250.4500000000003
18204.0,0,1,549.4300000000001,1444.27
18210.0,75,1,142.4,2478.98
18211.0,86,1,137.9,462.17
18219.0,22,5,912.3100000000001,1157.46
18221.0,19,1,234.47,807.14
18223.0,13,7,2757.48,3727.06
18225.0,12,5,1668.07,3841.05
18226.0,6,5,2212.92,3015.13
18229.0,6,8,2858.7,4418.2
18230.0,15,3,1254.3,1555.9
18232.0,1,2,370.98,221.99
18235.0,25,1,430.46000000000004,1366.02
18236.0,48,1,123.2,759.04
18241.0,25,1,365.83,1707.26
18242.0,4,2,694.08,1538.41
18245.0,19,4,1306.29,1260.77
18246.0,41,1,232.9,363.2
18257.0,14,3,721.2,1616.43
18259.0,174,1,376.3,1962.3000000000002
18260.0,13,5,2216.07,427.13
18263.0,60,1,307.6,905.56
18270.0,74,1,111.95,171.20000000000002
18272.0,33,2,980.54,2098.04
18273.0,65,1,51.0,153.0
18283.0,8,5,535.05,1559.83
18287.0,9,1,765.28,1072.0
